{"assets/afip.jpg":["assets/afip.jpg"],"assets/atm.jpg":["assets/atm.jpg"],"assets/bombero.jpg":["assets/bombero.jpg"],"assets/cabecera.jpg":["assets/cabecera.jpg"],"assets/defensacivil.jpg":["assets/defensacivil.jpg"],"assets/facha.gif":["assets/facha.gif"],"assets/fonts/Montserrat-Bold.otf":["assets/fonts/Montserrat-Bold.otf"],"assets/fonts/Montserrat-ExtraLight.otf":["assets/fonts/Montserrat-ExtraLight.otf"],"assets/fonts/Montserrat-Regular.otf":["assets/fonts/Montserrat-Regular.otf"],"assets/hospital.jpg":["assets/hospital.jpg"],"assets/juzgado.jpg":["assets/juzgado.jpg"],"assets/montserrat.zip":["assets/montserrat.zip"],"assets/policia.jpg":["assets/policia.jpg"],"packages/cupertino_icons/assets/CupertinoIcons.ttf":["packages/cupertino_icons/assets/CupertinoIcons.ttf"],"packages/font_awesome_flutter/lib/fonts/fa-brands-400.ttf":["packages/font_awesome_flutter/lib/fonts/fa-brands-400.ttf"],"packages/font_awesome_flutter/lib/fonts/fa-regular-400.ttf":["packages/font_awesome_flutter/lib/fonts/fa-regular-400.ttf"],"packages/font_awesome_flutter/lib/fonts/fa-solid-900.ttf":["packages/font_awesome_flutter/lib/fonts/fa-solid-900.ttf"]}