[{"family":"MaterialIcons","fonts":[{"asset":"fonts/MaterialIcons-Regular.otf"}]},{"family":"Moonserrat","fonts":[{"weight":400,"asset":"assets/fonts/Montserrat-Regular.otf"},{"weight":700,"asset":"assets/fonts/Montserrat-Bold.otf"},{"weight":200,"asset":"assets/fonts/Montserrat-ExtraLight.otf"}]},{"family":"packages/cupertino_icons/CupertinoIcons","fonts":[{"asset":"packages/cupertino_icons/assets/CupertinoIcons.ttf"}]},{"family":"packages/font_awesome_flutter/FontAwesomeBrands","fonts":[{"weight":400,"asset":"packages/font_awesome_flutter/lib/fonts/fa-brands-400.ttf"}]},{"family":"packages/font_awesome_flutter/FontAwesomeRegular","fonts":[{"weight":400,"asset":"packages/font_awesome_flutter/lib/fonts/fa-regular-400.ttf"}]},{"family":"packages/font_awesome_flutter/FontAwesomeSolid","fonts":[{"weight":900,"asset":"packages/font_awesome_flutter/lib/fonts/fa-solid-900.ttf"}]}]